Component,Explained_Variance_Ratio,Cumulative_Explained_Variance
1,0.2729767134670274,0.2729767134670274
2,0.20313779614279384,0.47611450960982127
